id,name,category,description,price
1,Wireless Headphones,Electronics,Wireless bluetooth headphones with clear sound,1999
2,Smart Watch,Electronics,Smart watch with fitness tracking and notifications,2499
3,Running Shoes,Fashion,Comfortable shoes for running and walking,1499
4,Bluetooth Speaker,Electronics,Portable speaker with powerful sound,1299
5,Wireless Earbuds,Electronics,Compact earbuds with bluetooth connectivity,1799
6,Laptop Backpack,Fashion,Water resistant backpack for laptop and college,999
7,Smartphone,Electronics,Modern smartphone with high quality camera,15999
8,Casual T Shirt,Fashion,Comfortable cotton t shirt for daily wear,599
9,Programming Book,Books,Book for learning Python programming,799
10,Python Course,Education,Beginner friendly Python programming course,1299